last_name,first_name,gender,age,dob_(mm/dd/yy),city,state,country
Todd,Kasen,m,21,07/30/98,Rock Hill,South Carolina,united_states
Garza,Ensley,f,30,04/12/89,singapore,,singapore
Carey,Lillian,f,22,09/12/97,Auburn,Alabama,united_states
Christensen,Beau,m,21,01/28/99,Hempstead,New York,united_states
Gibson,Ernesto,m,21,03/23/98,singapore,,singapore
Murray,Deshawn,m,22,09/18/97,Portland,Maine,united_states
Tate,Daxton,m,49,12/23/70,singapore,,singapore
Small,Tenley,f,47,07/21/72,Paterson,New Jersey,united_states
Chase,Kyra,f,21,05/19/98,Temple,Texas,united_states
Barber,London,f,26,07/17/93,Somerville,Massachusetts,united_states
Rivas,Rohan,m,15,01/23/05,Pawtucket,Rhode Island,united_states
Ross,Romina,f,39,05/05/80,singapore,,singapore
Moore,Liberty,f,20,03/04/99,Bristol,Connecticut,united_states
Huber,Yusuf,m,19,07/22/00,Woburn,Massachusetts,united_states
Suarez,Brantley,m,23,11/04/96,Decatur,Illinois,united_states
Ray,Skyler,m,22,05/08/97,Queen Creek,Arizona,united_states
Boyd,Joel,m,27,07/18/92,Ormond Beach,Florida,united_states
Torres,Zayne,m,45,10/11/74,singapore,,singapore
Cross,Madden,m,28,03/15/91,Sierra Vista,Arizona,united_states
Eaton,Jabari,m,20,04/29/99,Beaverton,Oregon,united_states
Hickman,Claudia,f,38,06/08/81,singapore,,singapore
Parker,Darwin,m,41,05/27/78,singapore,,singapore
Pruitt,Josiah,m,22,05/16/97,San Marcos,Texas,united_states
Landry,Derek,m,23,08/07/96,singapore,,singapore
Dejesus,Sage,m,20,07/12/99,singapore,,singapore
Adams,Mikaela,f,24,05/05/95,Roseville,Michigan,united_states
Lee,Jimmy,m,21,07/15/98,Henderson,Nevada,united_states
Hubbard,Devin,m,19,11/26/00,Sioux City,Iowa,united_states
Miles,Kameron,m,21,09/16/98,singapore,,singapore
Jennings,Francisco,m,39,03/31/80,Orland Park,Illinois,united_states
Rubio,Dalary,f,19,07/12/00,Indio,California,united_states
Cunningham,Philip,m,25,10/26/94,singapore,,singapore
Park,Landyn,m,28,10/07/91,Aliso Viejo,California,united_states
Ayers,Collins,f,38,02/05/82,singapore,,singapore
Madden,Cecilia,f,42,12/31/77,singapore,,singapore
Valdez,Bella,f,33,04/05/86,singapore,,singapore
Cardenas,Ishaan,m,38,11/11/81,Danbury,Connecticut,united_states
Grimes,Maddox,m,42,11/05/77,Inglewood,California,united_states
Santana,Salma,f,23,03/06/96,singapore,,singapore
Blackwell,Jaime,m,22,09/18/97,singapore,,singapore
Davila,Cannon,m,22,01/15/98,Charlotte,North Carolina,united_states
Hinton,Oliver,m,51,07/13/68,singapore,,singapore
Francis,Santiago,m,33,01/27/87,Huntsville,Texas,united_states
Mayer,Remi,f,26,08/29/93,Peabody,Massachusetts,united_states
Gutierrez,Kingsley,m,25,11/22/94,singapore,,singapore
Shepard,Megan,f,22,12/01/97,singapore,,singapore
Nava,Robert,m,43,04/12/76,Battle Creek,Michigan,united_states
Austin,Elijah,m,23,06/02/96,Phoenix,Arizona,united_states
Reyes,Cash,m,24,09/03/95,Hesperia,California,united_states
Nash,Ford,m,19,03/20/00,singapore,,singapore
Simpson,Isabella,f,26,01/05/94,Maricopa,Arizona,united_states
Curry,Lindsey,f,44,07/31/75,Alexandria,Louisiana,united_states
Klein,Chelsea,f,27,07/27/92,Mission Viejo,California,united_states
Bender,Kinslee,f,29,06/03/90,Norwalk,California,united_states
Hester,Harvey,m,25,08/17/94,Vacaville,California,united_states
Sanford,Laila,f,18,01/06/02,Amarillo,Texas,united_states
Houston,Fox,m,16,11/20/03,Bullhead City,Arizona,united_states
Ellis,Dorian,m,42,07/11/77,Boise City,Idaho,united_states
Barnes,Rafael,m,24,09/07/95,Fullerton,California,united_states
Norton,Aryan,m,20,02/07/00,Las Cruces,New Mexico,united_states
Alvarado,Mohammad,m,23,08/28/96,Cleveland Heights,Ohio,united_states
Mccann,Raphael,m,45,07/28/74,Milton,Georgia,united_states
Lawrence,Izabella,f,27,08/02/92,Orlando,Florida,united_states
Sierra,Bowen,m,44,06/27/75,Houston,Texas,united_states
Collier,Abram,m,20,07/20/99,Fort Myers,Florida,united_states
Villa,Howard,m,21,09/14/98,Johnson City,Tennessee,united_states
Webb,Harlan,m,23,09/05/96,North Miami Beach,Florida,united_states
Sims,Samara,f,18,05/07/01,Cambridge,Massachusetts,united_states
Reilly,Dominick,m,20,04/13/99,singapore,,singapore
Chen,Amira,f,22,08/29/97,Brookhaven,Georgia,united_states
Mcpherson,River,f,21,04/06/98,Alameda,California,united_states
Estrada,Maison,m,39,12/09/80,Montclair,California,united_states
Grant,Mordechai,m,24,11/16/95,Shoreline,Washington,united_states
Peterson,Elianna,f,42,07/14/77,Newport Beach,California,united_states
Weaver,Genesis,f,30,02/12/90,Bell Gardens,California,united_states
Miranda,Mabel,f,22,09/29/97,Garden Grove,California,united_states
Dean,Kamilah,f,19,08/09/00,Collierville,Tennessee,united_states
Mosley,Alfredo,m,26,02/26/93,Marana,Arizona,united_states
Barrett,Magnus,m,17,09/23/02,Palm Desert,California,united_states
Walter,Jedidiah,m,18,10/27/01,singapore,,singapore
Avila,Ophelia,f,20,10/01/99,singapore,,singapore
Bradley,Lexi,f,21,10/26/98,Salina,Kansas,united_states
Walters,Jairo,m,41,08/22/78,Albuquerque,New Mexico,united_states
Lowe,Javier,m,30,04/21/89,Lake Forest,California,united_states
Fernandez,Gibson,m,20,02/18/99,Deerfield Beach,Florida,united_states
Richard,Lane,m,22,02/17/97,Chula Vista,California,united_states
Alvarez,Briar,f,23,09/18/96,singapore,,singapore
Mora,Camille,f,25,11/30/94,Bountiful,Utah,united_states
Ashley,Melanie,f,22,10/26/97,Freeport,New York,united_states
Sharp,Carter,m,20,10/12/99,Sterling Heights,Michigan,united_states
Terrell,Baker,m,25,01/26/95,singapore,,singapore
Hammond,Callie,f,20,07/30/99,Puyallup,Washington,united_states
Marsh,Amber,f,17,03/20/02,Las Vegas,Nevada,united_states
Travis,Tristan,m,41,04/04/78,Frisco,Texas,united_states
Melton,Chloe,f,38,04/24/81,singapore,,singapore
Lewis,Dylan,m,26,06/05/93,Rochester,New York,united_states
Mcconnell,Ellis,m,36,10/19/83,singapore,,singapore
Lara,Nikolai,m,55,09/10/64,singapore,,singapore
Bell,Orion,m,25,07/29/94,Mankato,Minnesota,united_states
Roberson,Rylan,m,20,12/28/99,singapore,,singapore
Reid,Brysen,m,21,04/03/98,La Habra,California,united_states
Blanchard,Myra,f,48,08/23/71,Asheville,North Carolina,united_states
Spence,Jordy,m,33,01/01/87,Corvallis,Oregon,united_states
Copeland,Alijah,m,19,05/15/00,Downers Grove,Illinois,united_states
Woods,Keilani,f,23,11/25/96,Schenectady,New York,united_states
Robles,Salvatore,m,27,03/23/92,Royal Oak,Michigan,united_states
Rosas,Saul,m,24,08/18/95,Spanish Fork,Utah,united_states
Xiong,Scarlet,f,25,02/20/94,singapore,,singapore
Fletcher,Malik,m,42,02/13/78,Shakopee,Minnesota,united_states
Goodwin,Parker,m,24,07/13/95,Hagerstown,Maryland,united_states
Lynch,Justice,m,49,03/13/70,Carlsbad,California,united_states
Vega,Kian,m,31,12/01/88,Temecula,California,united_states
Mcgee,Elsie,f,40,12/27/79,singapore,,singapore
Randolph,Christina,f,22,12/06/97,Perth Amboy,New Jersey,united_states
Stevens,Myla,f,25,03/17/94,Peoria,Illinois,united_states
Flynn,Lara,f,24,11/11/95,singapore,,singapore
Khan,Anastasia,f,26,08/20/93,singapore,,singapore
Adkins,Nikolas,m,21,09/19/98,Bolingbrook,Illinois,united_states
Patrick,Andrea,f,17,02/03/03,La Quinta,California,united_states
Blake,Tate,m,25,05/19/94,singapore,,singapore
Sherman,Sky,f,23,03/26/96,singapore,,singapore
Palmer,Cara,f,21,02/07/99,Schaumburg,Illinois,united_states
Hanson,Sutton,m,21,09/26/98,Columbus,Ohio,united_states
Contreras,Jaxxon,m,41,06/30/78,singapore,,singapore
Decker,Graysen,m,32,11/18/87,Richmond,Virginia,united_states
Espinosa,Callum,m,30,01/27/90,Shreveport,Louisiana,united_states
Orozco,Lyla,f,20,12/21/99,singapore,,singapore
Atkins,Lyra,f,19,09/29/00,Daytona Beach,Florida,united_states
Pace,William,m,22,07/15/97,singapore,,singapore
Maxwell,Raymond,m,26,03/24/93,Richardson,Texas,united_states
Long,Everett,m,42,07/12/77,Newark,Ohio,united_states
Bowman,Hassan,m,29,07/23/90,Greensboro,North Carolina,united_states
Salgado,Leonel,m,24,07/16/95,Twin Falls,Idaho,united_states
Carson,Grey,m,18,05/09/01,singapore,,singapore
Hart,Hope,f,28,01/20/92,Frederick,Maryland,united_states
Trevino,Randy,m,22,02/07/98,New York,New York,united_states
Luna,Lee,m,19,09/11/00,singapore,,singapore
Villanueva,Ariadne,f,19,05/27/00,Everett,Massachusetts,united_states
Washington,Cairo,m,25,03/25/94,Yorba Linda,California,united_states
Frazier,Mira,f,23,02/20/96,singapore,,singapore
Franklin,Rosa,f,23,08/27/96,singapore,,singapore
Carrillo,Ismael,m,26,08/20/93,Winter Haven,Florida,united_states
Noble,Jaxx,m,47,04/13/72,Clearwater,Florida,united_states
Miller,London,m,20,04/26/99,Greenville,South Carolina,united_states
Bailey,Oakley,m,26,12/18/93,Pasadena,Texas,united_states
Jefferson,Kyng,m,20,10/26/99,San Marcos,California,united_states
Romero,Eliana,f,28,04/23/91,Upland,California,united_states
Conner,Caiden,m,24,03/25/95,Oakley,California,united_states
Graham,Cristian,m,19,04/14/00,Malden,Massachusetts,united_states
Johnson,Wade,m,49,03/21/70,singapore,,singapore
Patel,Aubrie,f,16,09/22/03,singapore,,singapore
Vargas,Kamdyn,m,24,09/10/95,Bismarck,North Dakota,united_states
Everett,Roberto,m,21,05/25/98,Baldwin Park,California,united_states
Gould,Eduardo,m,39,05/18/80,Sioux Falls,South Dakota,united_states
Mullen,Kailyn,f,22,06/24/97,singapore,,singapore
Hodge,Dillon,m,24,06/16/95,Wichita,Kansas,united_states
Mullins,Arianna,f,25,02/22/94,Cheyenne,Wyoming,united_states
Blackburn,Vanessa,f,26,03/12/93,Mansfield,Ohio,united_states
Skinner,August,m,18,05/28/01,Waukegan,Illinois,united_states
Lim,Willa,f,26,06/08/93,singapore,,singapore
Richardson,Rogelio,m,20,11/26/99,Norwalk,Connecticut,united_states
Oneal,Delilah,f,15,08/13/04,DeKalb,Illinois,united_states
Peck,Savannah,f,18,12/06/01,Union City,California,united_states
Reynolds,Alejandro,m,23,04/09/96,Springfield,Illinois,united_states
Solomon,Maxwell,m,55,03/08/64,Casa Grande,Arizona,united_states
Glass,Karina,f,19,08/23/00,Kingsport,Tennessee,united_states
Berg,Tommy,m,22,01/20/98,Yakima,Washington,united_states
Morrison,Adrien,m,23,10/27/96,Smyrna,Georgia,united_states
Cortez,Julian,m,21,03/25/98,Chicago,Illinois,united_states
Ellison,Levi,m,28,07/01/91,singapore,,singapore
Mcdowell,Abby,f,21,07/10/98,singapore,,singapore
Clayton,Axel,m,18,12/03/01,Rogers,Arkansas,united_states
Leonard,Miller,m,22,11/19/97,Anaheim,California,united_states
Merritt,Gus,m,16,10/30/03,singapore,,singapore
Paul,Brooke,f,20,01/03/00,singapore,,singapore
Calhoun,Sebastian,m,19,01/28/01,Miami Gardens,Florida,united_states
Nelson,Clementine,f,21,04/20/98,Grapevine,Texas,united_states
Blevins,Kye,m,42,04/09/77,Clarksville,Tennessee,united_states
Chandler,Katherine,f,21,08/14/98,Vancouver,Washington,united_states
Kennedy,Dane,m,32,05/22/87,Commerce City,Colorado,united_states
Kent,Donovan,m,41,02/03/79,singapore,,singapore
Beasley,Garrett,m,37,10/18/82,Euless,Texas,united_states
Mcintosh,Aileen,f,25,02/24/94,El Cajon,California,united_states
Anthony,Legacy,f,27,12/17/92,Waterloo,Iowa,united_states
Jacobson,Walker,m,43,01/07/77,singapore,,singapore
Schultz,Valery,f,19,03/11/00,Cerritos,California,united_states
Gallagher,Vivian,f,28,10/08/91,Pomona,California,united_states
Gilmore,Archer,m,39,08/26/80,Clifton,New Jersey,united_states
Woodward,Jaxton,m,35,01/10/85,Westminster,California,united_states
Floyd,Jett,m,20,05/28/99,singapore,,singapore
Stein,Leland,m,23,02/06/97,Goodyear,Arizona,united_states
Wade,Khloe,f,24,07/09/95,Mesa,Arizona,united_states
Patton,Charlotte,f,35,02/03/85,singapore,,singapore
Morales,Sabrina,f,52,03/29/67,Lexington-Fayette,Kentucky,united_states
Arias,Wells,m,29,10/19/90,singapore,,singapore
Hurley,Prince,m,20,08/11/99,Santa Clarita,California,united_states
Cain,Marie,f,43,10/23/76,singapore,,singapore
Davenport,Ariah,f,17,09/01/02,North Richland Hills,Texas,united_states
Delacruz,Jewel,f,26,12/07/93,Cleveland,Ohio,united_states
Herman,Ezra,f,30,07/28/89,Lorain,Ohio,united_states
Bush,Tinley,f,19,01/10/01,North Charleston,South Carolina,united_states
Reed,Malcolm,m,21,11/28/98,singapore,,singapore
Gilbert,Byron,m,19,06/18/00,Kenner,Louisiana,united_states
Wheeler,Simone,f,21,03/21/98,Norfolk,Virginia,united_states
Bruce,Alia,f,43,12/12/76,Pocatello,Idaho,united_states
Conrad,Lian,m,19,12/02/00,singapore,,singapore
Gillespie,Augustine,m,39,04/24/80,Flower Mound,Texas,united_states
Beck,Peyton,f,24,01/23/96,Waukesha,Wisconsin,united_states
Valencia,Omar,m,22,06/30/97,Summerville,South Carolina,united_states
Freeman,Micah,m,20,07/27/99,Hallandale Beach,Florida,united_states
Marin,Gunner,m,25,01/04/95,Bartlett,Illinois,united_states
Yu,Annabel,f,23,09/19/96,singapore,,singapore
Holloway,Elisa,f,16,12/27/03,Downey,California,united_states
Dixon,Quinton,m,25,03/23/94,singapore,,singapore
Bond,Henley,f,23,11/12/96,Victoria,Texas,united_states
Rowe,Braden,m,40,06/23/79,singapore,,singapore
Knox,Graham,m,26,12/04/93,singapore,,singapore
Quintero,Malia,f,45,09/04/74,Santa Clara,California,united_states
Hines,Celine,f,22,10/04/97,Logan,Utah,united_states
Whitehead,Wren,f,20,07/12/99,singapore,,singapore
Higgins,Avalynn,f,21,03/08/98,Pueblo,Colorado,united_states
Erickson,Colin,m,24,11/15/95,Birmingham,Alabama,united_states
Gomez,Jamari,m,20,03/13/99,Colton,California,united_states
Riley,Misael,m,47,06/10/72,Manchester,New Hampshire,united_states
Soto,Merrick,m,35,03/02/84,Rockville,Maryland,united_states
Vincent,Ryland,m,21,12/01/98,singapore,,singapore
Buchanan,Maia,f,21,08/30/98,singapore,,singapore
Whitney,Noe,m,40,12/29/79,Elkhart,Indiana,united_states
Mclean,Dakota,f,19,12/20/00,Kyle,Texas,united_states
Michael,Della,f,37,05/02/82,Casper,Wyoming,united_states
Tucker,Kaylin,f,44,05/15/75,Santa Ana,California,united_states
Bryan,Xander,m,39,10/24/80,singapore,,singapore
Fox,Desmond,m,20,06/17/99,singapore,,singapore
Mcclain,Greyson,m,23,10/01/96,Hurst,Texas,united_states
Lam,Dash,m,26,05/14/93,Tyler,Texas,united_states
Watts,Brooklynn,f,23,08/29/96,Apple Valley,California,united_states
Charles,Alexander,m,40,04/29/79,singapore,,singapore
Donaldson,Jeremy,m,22,06/13/97,Macon-Bibb County,Georgia,united_states
Saunders,Emory,f,20,03/28/99,Sheboygan,Wisconsin,united_states
Jarvis,Maurice,m,38,09/30/81,Haverhill,Massachusetts,united_states
Stephenson,Mariam,f,39,11/28/80,San Mateo,California,united_states
Rodriguez,Isabel,f,50,09/01/69,Melbourne,Florida,united_states
Hood,Zainab,f,54,10/19/65,singapore,,singapore
Fitzpatrick,Camden,m,25,08/20/94,Moline,Illinois,united_states
Young,Joe,m,23,04/17/96,St. George,Utah,united_states
Castaneda,Ariyah,f,42,11/26/77,Florissant,Missouri,united_states
Dodson,Harold,m,20,11/16/99,singapore,,singapore
Kirk,Saoirse,f,25,07/02/94,singapore,,singapore
Haynes,Kaliyah,f,24,01/27/96,Carson City,Nevada,united_states
Mahoney,Giselle,f,20,04/07/99,Lincoln,California,united_states
Obrien,Landry,m,39,02/23/80,singapore,,singapore
Chan,Vivaan,m,22,09/01/97,singapore,,singapore
Hawkins,Treasure,f,21,11/05/98,Lawton,Oklahoma,united_states
Lin,Valentin,m,30,09/10/89,Buckeye,Arizona,united_states
Randall,Andre,m,24,02/10/96,Marlborough,Massachusetts,united_states
Armstrong,Hayes,m,23,02/27/96,singapore,,singapore
Booth,Hadley,f,23,08/26/96,Hamilton,Ohio,united_states
Thomas,Kalani,f,30,04/04/89,Santa Barbara,California,united_states
Dalton,Mateo,m,26,03/24/93,singapore,,singapore
Maddox,Dominik,m,22,11/11/97,singapore,,singapore
Parsons,Luna,f,20,08/14/99,Wentzville,Missouri,united_states
Schmidt,Liana,f,25,06/26/94,Pembroke Pines,Florida,united_states
Swanson,Mason,m,21,04/16/98,singapore,,singapore
Cano,Luis,m,35,09/19/84,Merced,California,united_states
Lloyd,Linda,f,19,05/06/00,Strongsville,Ohio,united_states
Stephens,Jamie,f,39,08/10/80,Walnut Creek,California,united_states
Sexton,Delaney,f,18,02/28/01,singapore,,singapore
Hobbs,Keily,f,27,02/28/92,San Ramon,California,united_states
Ortega,Hudson,m,22,04/03/97,Concord,North Carolina,united_states
Nguyen,Taylor,m,36,10/10/83,Little Rock,Arkansas,united_states
Salazar,Chanel,f,20,02/04/00,Redondo Beach,California,united_states
Gallegos,Michelle,f,21,12/26/98,New Britain,Connecticut,united_states
Duncan,Bonnie,f,24,12/21/95,Bethlehem,Pennsylvania,united_states
James,Laurel,f,21,08/08/98,East Orange,New Jersey,united_states
Esquivel,Dariel,m,18,01/03/02,Edmond,Oklahoma,united_states
Munoz,Tony,m,23,06/30/96,Council Bluffs,Iowa,united_states
Valentine,Kallie,f,26,12/21/93,Middletown,Connecticut,united_states
Leblanc,Avah,f,25,07/03/94,Lake Charles,Louisiana,united_states
Figueroa,Remington,f,20,09/10/99,Hollywood,Florida,united_states
Maldonado,Zaniyah,f,36,12/29/83,Corona,California,united_states
Garner,Arlette,f,49,03/04/70,Winston-Salem,North Carolina,united_states
Fields,Mohamed,m,40,09/22/79,Manteca,California,united_states
Dominguez,Kash,m,26,12/10/93,Richland,Washington,united_states
Rasmussen,Jace,m,23,02/28/96,singapore,,singapore
Curtis,Derrick,m,26,08/14/93,Wilmington,Delaware,united_states
Juarez,Tucker,m,24,10/10/95,Ames,Iowa,united_states
Horton,Jayceon,m,17,08/15/02,Schertz,Texas,united_states
Rowland,Jon,m,27,01/04/93,Los Angeles,California,united_states
Brown,Jesse,m,22,05/27/97,San Angelo,Texas,united_states
Little,Curtis,m,24,02/09/96,Missoula,Montana,united_states
White,Jaiden,m,41,12/14/78,Cape Girardeau,Missouri,united_states
Duffy,Aden,m,18,01/12/02,Livermore,California,united_states
Nichols,Eve,f,24,02/01/96,Racine,Wisconsin,united_states
Stafford,Justin,m,25,11/07/94,Lake Oswego,Oregon,united_states
Weber,Bishop,m,28,02/20/91,Hendersonville,Tennessee,united_states
Phan,Jeffrey,m,26,07/24/93,South San Francisco,California,united_states
Brock,Caroline,f,36,01/25/84,El Centro,California,united_states
Espinoza,Ariel,m,47,01/09/73,singapore,,singapore
Guerra,Jolie,f,24,07/04/95,San Jose,California,united_states
Perry,Israel,m,39,11/05/80,Seattle,Washington,united_states
Fisher,Jamie,m,37,12/31/82,singapore,,singapore
Spears,Joziah,m,31,12/09/88,singapore,,singapore
Stevenson,Bowie,m,40,11/17/79,Waco,Texas,united_states
Quintana,Leila,f,17,08/30/02,singapore,,singapore
Keller,Maleah,f,22,10/23/97,singapore,,singapore
Robbins,Alma,f,20,03/10/99,Peoria,Arizona,united_states
Daniel,Kalel,m,23,10/11/96,Grand Island,Nebraska,united_states
Underwood,Otto,m,37,08/06/82,Coral Gables,Florida,united_states
Garrett,Taliyah,f,18,11/03/01,Lawrence,Kansas,united_states
Tran,Luca,m,50,05/03/69,Springfield,Massachusetts,united_states
Medina,Marcel,m,51,09/12/68,singapore,,singapore
Flores,Nova,m,33,11/03/86,singapore,,singapore
Crosby,John,m,33,05/09/86,Burlington,North Carolina,united_states
Montes,Reign,f,21,12/30/98,singapore,,singapore
Kramer,Rosie,f,20,11/19/99,Cary,North Carolina,united_states
Maynard,Kamryn,f,20,08/04/99,singapore,,singapore
Levy,Alaric,m,20,12/22/99,Lincoln,Nebraska,united_states
Camacho,Ruben,m,22,07/16/97,singapore,,singapore
Ramos,Landon,m,23,10/08/96,Stockton,California,united_states
Moran,Jonah,m,38,12/08/81,Surprise,Arizona,united_states
Massey,Alex,m,15,05/20/04,Rialto,California,united_states
Schneider,Amy,f,15,05/27/04,singapore,,singapore
York,Rory,f,21,08/07/98,Warren,Ohio,united_states
Lawson,Benjamin,m,21,06/26/98,San Bernardino,California,united_states
Dunn,Nora,f,23,08/06/96,Denver,Colorado,united_states
Gross,Arielle,f,35,02/04/85,Columbus,Georgia,united_states
Delgado,Finn,m,20,10/20/99,Buffalo,New York,united_states
Rios,Jillian,f,41,12/02/78,Millcreek,Utah,united_states
Mckinney,Vincenzo,m,22,08/31/97,Durham,North Carolina,united_states
Ryan,Dax,m,38,11/22/81,Marion,Iowa,united_states
Sullivan,Keanu,m,22,12/24/97,Murfreesboro,Tennessee,united_states
Green,Emilee,f,20,03/22/99,Louisville/Jefferson County,Kentucky,united_states
Vazquez,Caden,m,25,08/19/94,Nampa,Idaho,united_states
Navarro,Esteban,m,42,07/13/77,West Valley City,Utah,united_states
Harvey,Titus,m,23,08/06/96,Mansfield,Texas,united_states
Schwartz,Rhys,m,24,03/03/95,singapore,,singapore
Moss,Helen,f,46,07/02/73,singapore,,singapore
Edwards,Talia,f,34,06/04/85,Biloxi,Mississippi,united_states
Orr,Dawson,m,22,06/20/97,singapore,,singapore
Bentley,Yosef,m,46,01/22/74,singapore,,singapore
Barnett,Cesar,m,28,12/03/91,singapore,,singapore
Trejo,Atlas,m,24,05/27/95,singapore,,singapore
Reese,Roger,m,21,06/02/98,Loveland,Colorado,united_states
Warren,Frank,m,36,05/20/83,Kokomo,Indiana,united_states
Frederick,Edwin,m,53,10/19/66,Culver City,California,united_states
Pacheco,Ana,f,24,09/21/95,Midland,Michigan,united_states
Bradford,Noemi,f,17,05/29/02,singapore,,singapore
Giles,Duke,m,22,09/20/97,Lake Elsinore,California,united_states
Santos,Kaiser,m,50,06/04/69,Eden Prairie,Minnesota,united_states
Norris,Carly,f,39,12/30/80,Jupiter,Florida,united_states
Flowers,Cedric,m,23,02/26/96,Athens-Clarke County,Georgia,united_states
Odonnell,Emilia,f,34,02/01/86,Hackensack,New Jersey,united_states
Clements,Iliana,f,33,07/21/86,Sacramento,California,united_states
Lowery,Albert,m,22,04/06/97,Idaho Falls,Idaho,united_states
Mccarty,Casen,m,21,06/21/98,New Bedford,Massachusetts,united_states
Moses,Emmalyn,f,19,09/14/00,Taylor,Michigan,united_states
Lu,Miguel,m,20,03/26/99,Methuen,Massachusetts,united_states
Mcbride,Jude,m,22,09/09/97,singapore,,singapore
Durham,Irene,f,19,08/28/00,Mount Vernon,New York,united_states
Mcguire,Markus,m,45,11/19/74,Hialeah,Florida,united_states
Serrano,Fernando,m,27,08/10/92,San Clemente,California,united_states
Moyer,Rowan,f,14,03/28/05,Cedar Rapids,Iowa,united_states
Herrera,Isaiah,m,21,02/18/98,North Lauderdale,Florida,united_states
King,Trace,m,22,08/21/97,Delano,California,united_states
Hurst,Angel,f,24,07/10/95,Belleville,Illinois,united_states
Palacios,Enrique,m,19,05/22/00,singapore,,singapore
Dudley,Lennox,f,25,11/07/94,singapore,,singapore
Lester,Louisa,f,18,10/16/01,Gulfport,Mississippi,united_states
Mayo,Bryson,m,20,07/27/99,DeSoto,Texas,united_states
Tanner,Charles,m,24,03/29/95,singapore,,singapore
Monroe,Camilo,m,40,01/26/80,singapore,,singapore
Farley,Mohammed,m,25,07/27/94,New Orleans,Louisiana,united_states
Hail,Tristian,m,18,03/06/01,Mobile,Alabama,united_states
Hardin,Aliya,f,46,06/14/73,Albany,New York,united_states
Dickson,Daniel,m,30,05/13/89,Yucaipa,California,united_states
Leacock,Julius,m,19,05/22/00,Yuma,Arizona,united_states
Velazquez,Zariyah,f,53,12/23/66,Fort Lauderdale,Florida,united_states
Magana,Lorenzo,m,18,04/14/01,La Mirada,California,united_states
Humphrey,Mya,f,24,01/12/96,Littleton,Colorado,united_states
Dyer,Arthur,m,35,06/10/84,Oro Valley,Arizona,united_states
Cobb,Arian,m,33,11/13/86,Coachella,California,united_states
Baxter,Elizabeth,f,41,05/27/78,Northglenn,Colorado,united_states
Stanton,Gabriella,f,21,05/16/98,Smyrna,Tennessee,united_states
Petersen,Dayana,f,21,11/09/98,Moore,Oklahoma,united_states
Hoover,Vienna,f,24,09/11/95,singapore,,singapore
Carr,Egypt,f,17,05/01/02,Annapolis,Maryland,united_states
Burgess,Keith,m,17,11/22/02,Farmington,New Mexico,united_states
Galindo,Jaxtyn,m,20,04/25/99,Sparks,Nevada,united_states
Scott,Jada,f,47,11/25/72,Lubbock,Texas,united_states
Hutchinson,Kaiya,f,25,01/06/95,singapore,,singapore
Acevedo,Kaylee,f,20,03/06/99,singapore,,singapore
Morrow,Bryce,m,27,03/22/92,Madison,Wisconsin,united_states
Mack,Gatlin,m,26,06/25/93,Arcadia,California,united_states
Shaffer,Selena,f,23,11/10/96,singapore,,singapore
Fleming,Caleb,m,23,03/12/96,singapore,,singapore
Morse,Liliana,f,23,11/01/96,Palm Beach Gardens,Florida,united_states
Huffman,Eleanor,f,22,08/29/97,singapore,,singapore
Oneill,Emanuel,m,34,09/08/85,singapore,,singapore
Hampton,Arabella,f,40,02/02/80,Tulare,California,united_states
Watson,Siena,f,21,07/01/98,Concord,New Hampshire,united_states
Hill,Brodie,m,21,11/30/98,singapore,,singapore
Rivers,Joanna,f,48,06/14/71,St. Louis Park,Minnesota,united_states
Sanders,Ben,m,30,11/14/89,Joliet,Illinois,united_states
Mcdaniel,Ember,f,19,07/09/00,singapore,,singapore
Koch,Eugene,m,41,11/18/78,Oakland Park,Florida,united_states
Greer,Greta,f,15,01/11/05,singapore,,singapore
Pugh,Camdyn,m,37,04/16/82,Deltona,Florida,united_states
Gibbs,Gary,m,41,07/11/78,San Buenaventura (Ventura),California,united_states
Larson,Lilian,f,25,03/21/94,Port Arthur,Texas,united_states
Powers,Gunnar,m,44,07/17/75,Lancaster,California,united_states
Alfaro,Brecken,m,22,07/05/97,Manhattan,Kansas,united_states
Fowler,Carolyn,f,41,01/05/79,singapore,,singapore
Coleman,Nadia,f,22,09/29/97,singapore,,singapore
Dougherty,Ahmad,m,34,01/03/86,Bremerton,Washington,united_states
Schaefer,Alianna,f,23,08/31/96,Rowlett,Texas,united_states
Cherry,Jacoby,m,20,05/04/99,Chelsea,Massachusetts,united_states
Meadows,Jensen,m,19,12/14/00,Oxnard,California,united_states
Rojas,Remington,m,37,04/19/82,Oakland,California,united_states
Graves,Rebekah,f,49,04/02/70,Gaithersburg,Maryland,united_states
Zhang,Jazmine,f,42,01/22/78,Plantation,Florida,united_states
Mcmillan,Sarah,f,45,12/06/74,Redding,California,united_states
Macias,Leia,f,21,10/05/98,singapore,,singapore
Kane,Erick,m,26,11/17/93,singapore,,singapore
Wolfe,Jamal,m,18,03/17/01,singapore,,singapore
Barr,Myles,m,14,09/09/05,singapore,,singapore
Douglas,Dangelo,m,20,08/13/99,Milford,Connecticut,united_states
Stout,Case,m,25,10/10/94,singapore,,singapore
Cameron,Melissa,f,17,12/05/02,Virginia Beach,Virginia,united_states
Ruiz,Nathan,m,18,02/04/02,singapore,,singapore
Becker,Cameron,m,23,10/09/96,singapore,,singapore
Benton,Houston,m,30,04/05/89,Elizabeth,New Jersey,united_states
Craig,Kiana,f,42,03/27/77,Jackson,Tennessee,united_states
Cline,Alison,f,45,12/26/74,singapore,,singapore
Daniels,Cullen,m,38,12/11/81,Dayton,Ohio,united_states
Buck,Lawrence,m,18,04/02/01,Springfield,Oregon,united_states
Barry,Jaylene,f,18,11/20/01,Brownsville,Texas,united_states
Finley,Cassius,m,35,11/19/84,singapore,,singapore
Melendez,Milena,f,23,02/09/97,singapore,,singapore
Glenn,Maggie,f,26,07/23/93,Leander,Texas,united_states
Salas,Nolan,m,20,09/14/99,singapore,,singapore
Howell,Ricardo,m,17,04/23/02,singapore,,singapore
Hunt,Judith,f,23,10/31/96,O'Fallon,Missouri,united_states
Cooper,Alvin,m,24,01/19/96,Fairfield,California,united_states
Roth,Adrian,m,27,07/15/92,Fresno,California,united_states
Mcfarland,Adeline,f,24,12/09/95,Rocklin,California,united_states
Hernandez,Iris,f,24,07/18/95,Aurora,Colorado,united_states
Roberts,Kimber,f,45,06/11/74,Rockwall,Texas,united_states
Ayala,Raina,f,21,10/17/98,singapore,,singapore
Mccormick,Moshe,m,29,10/20/90,Pontiac,Michigan,united_states
Watkins,Kase,m,47,06/25/72,Weymouth Town,Massachusetts,united_states
Garrison,Helena,f,21,10/29/98,singapore,,singapore
Crane,Ace,m,20,05/28/99,Roswell,Georgia,united_states
Butler,George,m,27,12/28/92,singapore,,singapore
Wilcox,Mallory,f,18,04/05/01,singapore,,singapore
Bravo,Nehemiah,m,16,03/16/03,Kentwood,Michigan,united_states
Davis,Tadeo,m,35,07/13/84,Stonecrest,Georgia,united_states
Castillo,Kellen,m,22,04/16/97,Dearborn,Michigan,united_states
Garcia,Kevin,m,22,03/15/97,Bridgeport,Connecticut,united_states
Vaughan,Noah,m,21,01/18/99,singapore,,singapore
Berry,Damien,m,25,01/08/95,East Lansing,Michigan,united_states
Perkins,Nixon,m,19,01/17/01,singapore,,singapore
Tang,Malaya,f,22,01/14/98,Montebello,California,united_states
Acosta,Raelyn,f,21,01/26/99,Great Falls,Montana,united_states
Pierce,Asa,m,19,12/13/00,Minneapolis,Minnesota,united_states
Cox,Amanda,f,22,06/13/97,New Braunfels,Texas,united_states
Christian,Ridge,m,25,07/20/94,Iowa City,Iowa,united_states
Kaur,Kylo,m,37,05/20/82,singapore,,singapore
Bennett,Kayla,f,28,06/09/91,singapore,,singapore
Morris,Atticus,m,24,05/21/95,Orem,Utah,united_states
Arroyo,Catalina,f,14,07/31/05,Gilroy,California,united_states
Waller,Kamari,m,39,03/17/80,West Covina,California,united_states
Webster,Nancy,f,22,07/08/97,singapore,,singapore
Rivera,Ali,m,22,10/19/97,Florence,Alabama,united_states
Middleton,Alondra,f,50,12/12/69,singapore,,singapore
Compton,Braylen,m,43,04/23/76,singapore,,singapore
Stewart,Evelynn,f,25,03/24/94,Davis,California,united_states
Hoffman,Emmitt,m,23,11/28/96,Chicopee,Massachusetts,united_states
Anderson,Bobby,m,32,11/03/87,singapore,,singapore
Owen,Ivanna,f,39,04/24/80,Hoboken,New Jersey,united_states
Liu,Maddux,m,39,08/21/80,singapore,,singapore
Quinn,Regina,f,26,07/12/93,singapore,,singapore
Walls,Raquel,f,23,04/02/96,Winter Garden,Florida,united_states
Gordon,Kendall,m,27,01/04/93,Miami Beach,Florida,united_states
Whitaker,Sierra,f,33,05/31/86,singapore,,singapore
Santiago,Angelo,m,21,07/22/98,singapore,,singapore
Delarosa,Averie,f,22,02/04/98,singapore,,singapore
Terry,Bentley,m,39,12/28/80,Bayonne,New Jersey,united_states
Pearson,Henrik,m,24,01/17/96,singapore,,singapore
Wood,Pearl,f,38,09/07/81,singapore,,singapore
Jones,Kelsey,f,20,02/19/99,singapore,,singapore
Burch,Terrell,m,20,08/19/99,singapore,,singapore
Hull,Alaina,f,20,11/24/99,West Jordan,Utah,united_states
Wang,Maverick,m,38,02/13/82,singapore,,singapore
Nunez,Quincy,m,20,10/02/99,singapore,,singapore
Black,Oscar,m,24,05/12/95,Chesterfield,Missouri,united_states
Lang,Achilles,m,38,10/21/81,Palmdale,California,united_states
Porter,Deacon,m,16,08/30/03,Charleston,West Virginia,united_states
Campbell,Romeo,m,17,04/28/02,singapore,,singapore
Hendricks,Eloise,f,28,01/16/92,Hanford,California,united_states
Harrell,Hayley,f,20,03/15/99,Augusta-Richmond County,Georgia,united_states
Conley,Madelynn,f,23,02/10/97,Fountain Valley,California,united_states
Avalos,Nelson,m,18,08/06/01,Victorville,California,united_states
Bass,Silas,m,22,12/17/97,singapore,,singapore
Phillips,Amora,f,20,01/07/00,singapore,,singapore
Wilkins,Alejandra,f,17,10/21/02,singapore,,singapore
Yoder,Genesis,m,26,05/02/93,singapore,,singapore
Rosario,Skylar,f,26,04/08/93,singapore,,singapore
Waters,Ariana,f,22,01/06/98,Eastvale,California,united_states
Zavala,Amaia,f,25,07/10/94,Naperville,Illinois,united_states
Bartlett,Josephine,f,28,11/25/91,Tustin,California,united_states
Cohen,Maddison,f,24,04/04/95,Auburn,Washington,united_states
Norman,Kade,m,49,11/27/70,Irvine,California,united_states
Brandt,Claire,f,23,12/08/96,Lancaster,Pennsylvania,united_states
Barker,Hadassah,f,38,03/27/81,Lynwood,California,united_states
Barrera,Andres,m,40,10/11/79,singapore,,singapore
Wu,Abdiel,m,23,04/10/96,Taylorsville,Utah,united_states
Case,Cyrus,m,24,01/21/96,singapore,,singapore
Gregory,Amia,f,21,07/10/98,singapore,,singapore
Davidson,Harlee,f,40,11/01/79,Barnstable Town,Massachusetts,united_states
Ibarra,Leandro,m,21,10/25/98,Monroe,Louisiana,united_states
Fuentes,Fabian,m,23,02/20/96,Gainesville,Florida,united_states
Oconnell,Brayden,m,21,08/14/98,Ontario,California,united_states
Sanchez,Zara,f,37,02/24/82,singapore,,singapore
Callahan,Malaysia,f,40,09/05/79,Huntington Beach,California,united_states
Hale,Cameron,f,21,12/05/98,Normal,Illinois,united_states
Spencer,Thaddeus,m,22,04/25/97,singapore,,singapore
Logan,Jayce,m,25,08/16/94,Whittier,California,united_states
Hughes,Gabriel,m,19,08/13/00,singapore,,singapore
Mata,Jericho,m,40,08/31/79,Edmonds,Washington,united_states
Peralta,Virginia,f,24,01/21/96,singapore,,singapore
Mcdonald,Oakley,f,24,12/08/95,Porterville,California,united_states
Wilkinson,Jimena,f,24,01/22/96,Caldwell,Idaho,united_states
Daugherty,Ella,f,40,11/08/79,singapore,,singapore
Salinas,Jason,m,35,04/20/84,Columbia,South Carolina,united_states
Briggs,Ryann,f,20,10/31/99,Quincy,Massachusetts,united_states
Andrade,Heidi,f,39,12/30/80,Euclid,Ohio,united_states
Farrell,Queen,f,17,01/02/03,Tampa,Florida,united_states
Wyatt,Hendrix,m,24,05/03/95,Petaluma,California,united_states
Schmitt,Emory,m,23,04/07/96,singapore,,singapore
Ward,Ryan,m,25,11/14/94,Calexico,California,united_states
Parrish,Sarai,f,20,11/18/99,Manassas,Virginia,united_states
Ware,Whitley,f,45,05/20/74,St. Louis,Missouri,united_states
Matthews,Jameson,m,24,03/13/95,singapore,,singapore
Shields,Mariana,f,25,08/08/94,Warwick,Rhode Island,united_states
Jaramillo,Kara,f,22,09/05/97,Madison,Alabama,united_states
Payne,Knox,m,23,06/13/96,Baton Rouge,Louisiana,united_states
Pitts,Cayden,m,39,12/04/80,Ceres,California,united_states
Costa,Alyssa,f,23,12/24/96,South Bend,Indiana,united_states
Murillo,Solomon,m,20,11/02/99,singapore,,singapore
Sawyer,Miah,f,41,02/14/79,Murray,Utah,united_states
Casey,Josue,m,24,06/13/95,Lakeville,Minnesota,united_states
Johnston,Kadence,f,27,08/20/92,singapore,,singapore
Byrd,Harrison,m,22,06/18/97,Scottsdale,Arizona,united_states
Kerr,Alec,m,18,12/13/01,Janesville,Wisconsin,united_states
Potter,Rose,f,41,02/28/78,Centennial,Colorado,united_states
Newman,Kaleb,m,43,11/09/76,Detroit,Michigan,united_states
Medrano,Phoenix,m,20,02/17/99,Tracy,California,united_states
Vu,Terry,m,43,02/14/77,Chattanooga,Tennessee,united_states
Thornton,Luella,f,17,06/12/02,singapore,,singapore
Mercado,Jaylee,f,26,04/21/93,Oshkosh,Wisconsin,united_states
Singleton,Sara,f,24,07/16/95,Santee,California,united_states
Savage,Kylan,m,20,10/11/99,Norman,Oklahoma,united_states
Moody,Watson,m,18,06/26/01,Blue Springs,Missouri,united_states
Diaz,Anson,m,20,11/21/99,Encinitas,California,united_states
Allen,Bo,m,39,09/24/80,Waltham,Massachusetts,united_states
Glover,Cain,m,20,09/24/99,Bozeman,Montana,united_states
Chang,Koda,m,22,01/13/98,Sherman,Texas,united_states
Aguilar,Zayn,m,22,05/17/97,Prescott,Arizona,united_states
Horn,Nathalie,f,26,06/10/93,Carson,California,united_states
Sosa,Aron,m,20,01/30/00,League City,Texas,united_states
Haley,Santino,m,17,02/20/02,Citrus Heights,California,united_states
Bullock,Genevieve,f,35,03/14/84,Cleveland,Tennessee,united_states
Pennington,Chris,m,19,10/27/00,singapore,,singapore
Crawford,Khaleesi,f,22,01/10/98,singapore,,singapore
Hamilton,Scarlette,f,20,11/29/99,Monterey Park,California,united_states
Willis,Mae,f,21,08/24/98,St. Joseph,Missouri,united_states
Prince,James,m,21,03/11/98,singapore,,singapore
Mann,Milani,f,33,12/07/86,North Las Vegas,Nevada,united_states
Dennis,Elias,m,25,04/17/94,Albany,Oregon,united_states
Holmes,Avery,m,20,09/27/99,singapore,,singapore
Pratt,Guillermo,m,21,11/03/98,singapore,,singapore
Abbott,Tatiana,f,24,09/19/95,Quincy,Illinois,united_states
Mills,Mathias,m,20,02/02/00,Minnetonka,Minnesota,united_states
Taylor,Liam,m,46,12/17/73,Draper,Utah,united_states
Weeks,Lea,f,23,08/10/96,Apopka,Florida,united_states
Cervantes,Trey,m,45,01/19/75,Thornton,Colorado,united_states
Castro,Jeremias,m,23,10/20/96,Irving,Texas,united_states
Velasquez,Matias,m,44,09/27/75,Blaine,Minnesota,united_states
Raymond,Milan,m,22,10/14/97,Franklin,Tennessee,united_states
Zuniga,Zachariah,m,19,08/24/00,Rochester Hills,Michigan,united_states
Harding,Yahir,m,26,09/08/93,Troy,New York,united_states
Meyers,Aubrey,f,45,03/19/74,Laredo,Texas,united_states
Golden,Kairo,m,29,03/01/90,San Rafael,California,united_states
Baker,Martin,m,22,05/27/97,Pine Bluff,Arkansas,united_states
Esparza,Dream,f,19,11/20/00,singapore,,singapore
Turner,Maximus,m,39,06/18/80,College Station,Texas,united_states
Alexander,Hazel,f,22,08/23/97,Apex,North Carolina,united_states
Carter,Leroy,m,36,06/29/83,Honolulu,Hawaii,united_states
Keith,Joaquin,m,25,07/19/94,Palm Coast,Florida,united_states
French,Walter,m,20,11/28/99,singapore,,singapore
Henson,Wilson,m,22,05/17/97,singapore,,singapore
Mckee,Juan,m,34,10/23/85,Pensacola,Florida,united_states
Carlson,Shiloh,m,23,12/11/96,singapore,,singapore
Roy,Jefferson,m,33,03/31/86,Lakewood,Colorado,united_states
Vaughn,Briar,m,26,11/02/93,Boynton Beach,Florida,united_states
Gaines,King,m,24,07/17/95,Austin,Texas,united_states
Harmon,Kolton,m,24,06/02/95,Simi Valley,California,united_states
Dorsey,Amos,m,21,01/22/99,Rockford,Illinois,united_states
Bridges,Sam,m,47,12/21/72,New Berlin,Wisconsin,united_states
Henry,Ayla,f,37,10/26/82,singapore,,singapore
Chambers,Konnor,m,46,04/10/73,Beaumont,Texas,united_states
Ramirez,Estella,f,39,08/03/80,Newton,Massachusetts,united_states
Williams,June,f,23,02/24/96,Muncie,Indiana,united_states
Wong,Juelz,m,20,11/11/99,Hemet,California,united_states
Montgomery,Nova,f,36,12/25/83,singapore,,singapore
Felix,Amani,f,25,04/25/94,singapore,,singapore
Wagner,Moises,m,33,02/06/87,Waterbury,Connecticut,united_states
Woodard,Joshua,m,36,04/21/83,singapore,,singapore
Montoya,Alice,f,25,11/06/94,Apache Junction,Arizona,united_states
Mason,Evie,f,49,06/27/70,Watsonville,California,united_states
Buckley,Isaac,m,24,12/05/95,Tigard,Oregon,united_states
Shannon,Hayden,m,21,12/28/98,singapore,,singapore
Villegas,Callen,m,21,09/27/98,Coral Springs,Florida,united_states
Jimenez,Zakai,m,27,06/23/92,Yonkers,New York,united_states
Simon,Karter,f,21,01/10/99,singapore,,singapore
Elliott,Charlie,m,25,04/29/94,singapore,,singapore
Cuevas,Francis,m,33,10/11/86,Fort Smith,Arkansas,united_states
Fischer,Ruby,f,53,12/14/66,Meridian,Idaho,united_states
Chapman,Jesiah,m,23,01/12/97,Alexandria,Virginia,united_states
Pena,Davis,m,21,10/20/98,Danville,Virginia,united_states
Person,Yareli,f,35,07/25/84,singapore,,singapore
Sloan,Holly,f,18,01/12/02,singapore,,singapore
Hahn,Killian,m,23,10/03/96,singapore,,singapore
Pineda,Reign,m,22,08/10/97,singapore,,singapore
Zamora,Phillip,m,27,06/04/92,Lakewood,California,united_states
Lucero,Jadiel,m,19,04/30/00,singapore,,singapore
Osborne,Holden,m,44,12/17/75,Atlanta,Georgia,united_states
Andersen,Frederick,m,29,02/10/91,Bowie,Maryland,united_states
Padilla,Fisher,m,23,12/05/96,Madera,California,united_states
Beard,Johan,m,23,01/17/97,singapore,,singapore
Larsen,Boone,m,20,08/16/99,singapore,,singapore
Coffey,Payton,m,23,09/23/96,singapore,,singapore
Mathews,Azariah,m,39,06/29/80,singapore,,singapore
Mueller,Diego,m,38,04/21/81,Eugene,Oregon,united_states
Hogan,Brycen,m,23,09/01/96,singapore,,singapore
Powell,Jaycee,f,32,04/09/87,singapore,,singapore
Johns,Karson,m,39,10/08/80,singapore,,singapore
George,Addisyn,f,33,06/13/86,Roanoke,Virginia,united_states
Wiley,Aylin,f,25,04/21/94,Hilton Head Island,South Carolina,united_states
Robertson,Patrick,m,19,08/22/00,singapore,,singapore
House,Terrence,m,26,12/10/93,Roseville,California,united_states
Andrews,Ivan,m,23,01/11/97,singapore,,singapore
Beltran,Caspian,m,24,12/27/95,Glendale,Arizona,united_states
Aguirre,Estrella,f,21,10/04/98,Hawthorne,California,united_states
Calderon,Alessandro,m,30,02/26/89,Urbana,Illinois,united_states
Morton,Stanley,m,41,03/20/78,Marietta,Georgia,united_states
Combs,Alberto,m,36,10/28/83,Davenport,Iowa,united_states
Kelley,Shepherd,m,19,12/03/00,singapore,,singapore
Rose,Molly,f,22,12/15/97,singapore,,singapore
Mccullough,Julien,m,23,10/28/96,singapore,,singapore
David,Owen,m,18,04/16/01,Davie,Florida,united_states
Huff,Rayna,f,24,03/19/95,Passaic,New Jersey,united_states
Roman,Adalyn,f,25,06/01/94,Kearny,New Jersey,united_states
Rodgers,Mario,m,20,04/05/99,Westminster,Colorado,united_states
Ford,Dustin,m,50,08/31/69,Springfield,Missouri,united_states
Dunlap,Larry,m,19,09/01/00,Palm Springs,California,united_states
Pittman,Bradley,m,46,05/07/73,Tacoma,Washington,united_states
Lozano,Ezra,m,21,12/02/98,Overland Park,Kansas,united_states
Kirby,Franco,m,22,06/01/97,singapore,,singapore
Sweeney,Weston,m,21,12/18/98,Philadelphia,Pennsylvania,united_states
Hensley,Melvin,m,22,03/25/97,La Mesa,California,united_states
Olson,Kyla,f,23,02/08/97,Perris,California,united_states
Bates,Rex,m,18,01/15/02,Mesquite,Texas,united_states
Reeves,Sean,m,18,04/03/01,Arvada,Colorado,united_states
Mendoza,Blake,m,14,10/06/05,Fargo,North Dakota,united_states
Frye,Dana,f,25,12/21/94,singapore,,singapore
Knight,Quentin,m,50,08/04/69,Wheaton,Illinois,united_states
Day,Grady,m,22,04/18/97,singapore,,singapore
Myers,Kamiyah,f,36,08/11/83,Wauwatosa,Wisconsin,united_states
Guzman,Edith,f,25,08/10/94,Fitchburg,Massachusetts,united_states
Greene,Bailee,f,41,04/17/78,Round Rock,Texas,united_states
Doyle,Cory,m,24,04/20/95,San Bruno,California,united_states
Summers,Draven,m,19,07/21/00,singapore,,singapore
Lamb,Paisley,f,22,01/31/98,Gary,Indiana,united_states
Barajas,Destiny,f,38,02/21/81,singapore,,singapore
Meza,Zaiden,m,23,02/23/96,Fontana,California,united_states
Richmond,Henry,m,20,09/18/99,El Paso,Texas,united_states
Huerta,Reed,m,17,11/17/02,singapore,,singapore
Wall,Brynleigh,f,41,11/08/78,Trenton,New Jersey,united_states
Lopez,Imran,m,41,11/04/78,singapore,,singapore
Cannon,Ulises,m,27,12/28/92,singapore,,singapore
Hodges,Lennon,m,26,12/30/93,singapore,,singapore
Estes,Jaziel,m,21,05/09/98,singapore,,singapore
Peters,Darius,m,24,08/15/95,Sandy,Utah,united_states
Winters,Tobias,m,40,08/13/79,Olathe,Kansas,united_states
Robinson,Evangeline,f,21,10/20/98,singapore,,singapore
Novak,Alexzander,m,19,05/31/00,singapore,,singapore
Ochoa,Leonidas,m,27,01/13/93,singapore,,singapore
Wilkerson,Jamir,m,40,05/28/79,Sunrise,Florida,united_states
Ramsey,Wesson,m,17,11/04/02,Longmont,Colorado,united_states
Stone,Vincent,m,21,04/04/98,Grand Rapids,Michigan,united_states
Wilson,Karter,m,22,03/19/97,Long Beach,California,united_states
Hunter,Shepard,m,27,10/20/92,Attleboro,Massachusetts,united_states
Heath,Jeffery,m,25,05/12/94,singapore,,singapore
Hess,Aldo,m,17,05/05/02,Lehi,Utah,united_states
Sellers,Colette,f,22,05/12/97,Wilmington,North Carolina,united_states
Huang,Memphis,m,24,05/27/95,singapore,,singapore
Ingram,Lucy,f,42,03/22/77,Raleigh,North Carolina,united_states
Martinez,Demetrius,m,43,07/24/76,New Haven,Connecticut,united_states
Kelly,Mckenzie,f,22,03/20/97,Aurora,Illinois,united_states
Walton,Juniper,f,48,07/22/71,Allen,Texas,united_states
Ballard,Mathew,m,21,07/11/98,Beaumont,California,united_states
Thompson,Porter,m,24,01/03/96,Riverside,California,united_states
Meyer,Lincoln,m,18,01/15/02,singapore,,singapore
Corona,Troy,m,21,01/15/99,Middletown,Ohio,united_states
Walker,Hadlee,f,23,08/05/96,Fall River,Massachusetts,united_states
Fuller,Renata,f,24,11/21/95,Hammond,Indiana,united_states
Joseph,Etta,f,22,08/25/97,Rocky Mount,North Carolina,united_states
Evans,Emmett,m,21,08/28/98,singapore,,singapore
Cummings,Mylah,f,22,08/07/97,singapore,,singapore
Duke,Violet,f,24,08/27/95,singapore,,singapore
Mclaughlin,Samir,m,22,04/28/97,Brentwood,California,united_states
Cisneros,Zander,m,42,07/02/77,singapore,,singapore
Sandoval,Lylah,f,39,11/10/80,singapore,,singapore
Stanley,Conner,m,19,01/25/01,Midland,Texas,united_states
Beil,Leona,f,18,05/07/01,singapore,,singapore
Carpenter,Bruce,m,18,09/28/01,singapore,,singapore
Galvan,Kennedi,f,47,01/22/73,Cicero,Illinois,united_states
Clark,Briggs,m,26,02/25/93,Glendale,California,united_states
Cochran,Zev,m,24,01/31/96,Riverton,Utah,united_states
Boone,Lyric,m,22,12/01/97,Jacksonville,North Carolina,united_states
Carroll,Aiyana,f,21,10/01/98,Huntington Park,California,united_states
Goodman,Kelly,f,20,10/28/99,singapore,,singapore
Walsh,Augustus,m,26,07/07/93,Pittsfield,Massachusetts,united_states
Avery,Dante,m,25,08/19/94,Jonesboro,Arkansas,united_states
Ball,Ariel,f,28,05/07/91,St. Charles,Missouri,united_states
Portillo,Armando,m,37,10/05/82,Rapid City,South Dakota,united_states
Bernal,Marley,f,35,01/23/85,singapore,,singapore
Knapp,Mark,m,20,05/18/99,Chesapeake,Virginia,united_states
Wolf,Layne,m,25,09/04/94,singapore,,singapore
Brady,Enoch,m,22,10/27/97,Keizer,Oregon,united_states
Hopkins,Otis,m,40,05/13/79,Joplin,Missouri,united_states
Strong,Bristol,f,21,02/23/98,Burbank,California,united_states
Kemp,Mustafa,m,27,06/22/92,singapore,,singapore
Barron,Arturo,m,27,01/25/93,Santa Maria,California,united_states
Dawson,Justice,f,22,06/14/97,singapore,,singapore
Guevara,Lochlan,m,23,10/17/96,St. Paul,Minnesota,united_states
Mendez,Colson,m,23,05/01/96,Lancaster,Ohio,united_states
Warner,Nevaeh,f,17,05/04/02,singapore,,singapore
Herring,Heavenly,f,23,09/20/96,Jurupa Valley,California,united_states
Rogers,Angel,m,20,07/21/99,Fishers,Indiana,united_states
Pope,Ruth,f,48,01/10/72,Tuscaloosa,Alabama,united_states
Nixon,Aubree,f,18,09/09/01,High Point,North Carolina,united_states
Wallace,Roman,m,39,08/23/80,Fond du Lac,Wisconsin,united_states
Chavez,Alfonso,m,20,06/15/99,Missouri City,Texas,united_states
Shah,Amiya,f,20,09/30/99,Gastonia,North Carolina,united_states
Hall,Lorelei,f,25,12/28/94,Kenosha,Wisconsin,united_states
Yang,Anderson,m,19,12/22/00,Minot,North Dakota,united_states
Mcmahon,Jane,f,42,09/03/77,Blacksburg,Virginia,united_states
Conway,Meghan,f,20,10/28/99,Grove City,Ohio,united_states
Valenzuela,Heath,m,23,07/10/96,singapore,,singapore
Steele,Alvaro,m,18,09/17/01,singapore,,singapore
Branch,Devon,m,20,12/01/99,Pinellas Park,Florida,united_states
Holt,Celeste,f,17,03/17/02,Cedar Park,Texas,united_states
Griffith,Amari,m,41,05/19/78,singapore,,singapore
Singh,Maximiliano,m,48,06/16/71,Bellevue,Nebraska,united_states
Mccarthy,Elliot,f,25,08/10/94,Champaign,Illinois,united_states
Jensen,Mina,f,21,12/03/98,Colorado Springs,Colorado,united_states
Yates,Spencer,m,22,09/14/97,National City,California,united_states
Correa,Alani,f,25,06/11/94,Salt Lake City,Utah,united_states
Marks,River,m,20,05/25/99,Oak Lawn,Illinois,united_states
Duarte,Aaliyah,f,21,01/16/99,Olympia,Washington,united_states
Chung,Kason,m,19,09/23/00,Warner Robins,Georgia,united_states
Boyer,Damon,m,19,11/03/00,Bonita Springs,Florida,united_states
Jacobs,Opal,f,19,05/08/00,singapore,,singapore
Hayes,Talon,m,21,12/22/98,singapore,,singapore
Vo,Lawson,m,21,09/13/98,Bradenton,Florida,united_states
Bryant,Paige,f,23,10/30/96,singapore,,singapore
Ferguson,Kehlani,f,29,11/16/90,Spokane Valley,Washington,united_states
Gates,Ellianna,f,19,09/22/00,Conway,Arkansas,united_states
Macdonald,Kassidy,f,23,07/13/96,Leominster,Massachusetts,united_states
Harrison,Jose,m,23,06/23/96,Flint,Michigan,united_states
Berger,Iker,m,41,08/17/78,Newnan,Georgia,united_states
Smith,Cristiano,m,21,06/05/98,Galveston,Texas,united_states
Leal,Rhett,m,20,02/02/00,Oviedo,Florida,united_states
Harris,Blake,f,22,11/24/97,singapore,,singapore
Banks,Jake,m,47,12/27/72,Tulsa,Oklahoma,united_states
Cook,Zaire,m,39,05/22/80,Dearborn Heights,Michigan,united_states
Hendrix,Christopher,m,21,06/30/98,Green Bay,Wisconsin,united_states
Tapia,Mercy,f,34,12/25/85,Boulder,Colorado,united_states
Pollard,Kenzo,m,36,08/13/83,singapore,,singapore
Caldwell,Clyde,m,38,01/12/82,singapore,,singapore
Barton,Kamden,m,23,04/26/96,Lowell,Massachusetts,united_states
Vasquez,Aria,f,27,06/27/92,Indian Trail,North Carolina,united_states
Mccall,Sullivan,m,22,10/03/97,singapore,,singapore
Oliver,Monroe,f,36,10/18/83,Wheeling,Illinois,united_states
Pham,Brianna,f,20,03/22/99,Mountain View,California,united_states
Jackson,Axton,m,19,06/08/00,Fort Collins,Colorado,united_states
Odom,Cecelia,f,19,08/02/00,Lawrence,Massachusetts,united_states
Brewer,Celia,f,39,03/29/80,Medford,Massachusetts,united_states
Snow,Kora,f,49,07/23/70,singapore,,singapore
Cruz,Emilio,m,18,10/30/01,Herriman,Utah,united_states
Lucas,Sterling,m,36,03/23/83,Margate,Florida,united_states
Rich,Autumn,f,25,10/02/94,Ocoee,Florida,united_states
Villarreal,Koa,m,37,03/29/82,Buena Park,California,united_states
Potts,Dylan,f,15,09/23/04,singapore,,singapore
Hancock,Kinley,f,23,10/13/96,Lacey,Washington,united_states
Gardner,Aspen,f,43,11/14/76,singapore,,singapore
Hansen,Jamison,m,19,10/04/00,Jacksonville,Florida,united_states
Le,Andy,m,39,11/16/80,Coconut Creek,Florida,united_states
Cole,Paola,f,20,11/11/99,singapore,,singapore
Molina,Frankie,f,19,12/09/00,singapore,,singapore
Nielsen,Wyatt,m,26,01/14/94,singapore,,singapore
Olsen,Daisy,f,22,07/16/97,Urbandale,Iowa,united_states
Dillon,Kylee,f,24,01/31/96,singapore,,singapore
Vang,Onyx,m,26,03/16/93,Weslaco,Texas,united_states
Duran,Eli,m,22,04/20/97,Garland,Texas,united_states
Perez,Elliott,m,18,10/03/01,Alpharetta,Georgia,united_states
Farmer,Rey,m,32,04/27/87,Homestead,Florida,united_states
Simmons,Elian,m,40,08/27/79,Duncanville,Texas,united_states
Ahmed,Ashlynn,f,21,07/18/98,singapore,,singapore
Marquez,Issac,m,39,01/22/81,singapore,,singapore
Brennan,Ignacio,m,20,11/04/99,New Brunswick,New Jersey,united_states
Strickland,Nathaniel,m,20,02/20/99,singapore,,singapore
Gonzalez,Reece,m,46,10/01/73,Farmington Hills,Michigan,united_states
Rollins,Kinsley,f,34,04/06/85,singapore,,singapore
Campos,Xzavier,m,22,08/21/97,Owensboro,Kentucky,united_states
Gentry,Will,m,46,01/19/74,singapore,,singapore
Nicholson,Elyse,f,22,09/21/97,Palm Bay,Florida,united_states
Hanna,Ledger,m,39,04/05/80,singapore,,singapore
Vance,Seth,m,23,02/26/96,Rancho Cucamonga,California,united_states
Neal,Calvin,m,24,01/01/96,Salem,Oregon,united_states
Jordan,Jax,m,22,04/18/97,Lombard,Illinois,united_states
Lambert,Shane,m,23,07/18/96,singapore,,singapore
Bowers,Westin,m,20,03/18/99,singapore,,singapore
Mitchell,Colton,m,33,08/06/86,singapore,,singapore
Silva,Payton,f,26,09/05/93,singapore,,singapore
Booker,Malakai,m,20,12/09/99,State College,Pennsylvania,united_states
Cantrell,Dakari,m,26,06/14/93,Shawnee,Kansas,united_states
Cortes,Zoie,f,18,05/28/01,singapore,,singapore
Arellano,Mitchell,m,21,09/12/98,Fort Worth,Texas,united_states
Villalobos,Allison,f,21,07/11/98,singapore,,singapore
Brooks,Leighton,m,23,03/26/96,Westfield,Indiana,united_states
Mcclure,Millie,f,25,08/30/94,Cedar Hill,Texas,united_states
Ho,Darian,m,18,01/10/02,Wichita Falls,Texas,united_states
Malone,Grayson,m,32,06/27/87,Jersey City,New Jersey,united_states
Nolan,Maximilian,m,52,05/13/67,Medford,Oregon,united_states
Horne,Everly,f,19,01/12/01,singapore,,singapore
Truong,Callan,m,18,07/30/01,Paramount,California,united_states
Cantu,Mack,m,26,03/15/93,Hattiesburg,Mississippi,united_states
Russo,Theo,m,23,05/31/96,Wyoming,Michigan,united_states
Hardy,Brittany,f,19,05/05/00,Campbell,California,united_states
Bowen,Ronan,m,21,04/13/98,Hoover,Alabama,united_states
Lane,Anika,f,26,03/28/93,Albany,Georgia,united_states
Oconnor,Kayson,m,21,03/25/98,Mount Prospect,Illinois,united_states
Weiss,Evan,m,21,03/02/98,Montgomery,Alabama,united_states
Jenkins,Chad,m,39,04/27/80,Harlingen,Texas,united_states
Richards,Giovanni,m,46,11/22/73,singapore,,singapore
Friedman,Miles,m,20,09/15/99,singapore,,singapore
Ponce,Langston,m,19,06/06/00,Columbia,Missouri,united_states
Church,Jaylah,f,30,03/29/89,singapore,,singapore
Howe,Rene,m,56,05/13/63,Westland,Michigan,united_states
English,Bryant,m,26,07/29/93,Dubuque,Iowa,united_states
Huynh,David,m,27,12/30/92,singapore,,singapore
May,Raul,m,19,02/20/00,West New York,New Jersey,united_states
Reyna,Coleman,m,26,01/15/94,Maple Grove,Minnesota,united_states
Wells,Marcelo,m,21,01/25/99,singapore,,singapore
Lindsey,Decker,m,24,10/08/95,Noblesville,Indiana,united_states
Short,Joyce,f,26,08/28/93,singapore,,singapore
Hartman,Bria,f,22,06/12/97,Kannapolis,North Carolina,united_states
Bautista,Victor,m,45,12/03/74,Sunnyvale,California,united_states
Martin,Avi,m,21,06/25/98,Newark,California,united_states
Rice,Amaris,f,24,07/23/95,Thousand Oaks,California,united_states
Mckay,Jermaine,m,19,06/07/00,Bloomington,Minnesota,united_states
Franco,Jack,m,25,04/16/94,singapore,,singapore
Clarke,Johnny,m,38,07/16/81,West Palm Beach,Florida,united_states
Baldwin,Lainey,f,22,07/11/97,Chandler,Arizona,united_states
Moon,Emmeline,f,20,09/06/99,Port St. Lucie,Florida,united_states
Foley,Manuel,m,38,12/08/81,singapore,,singapore
Burke,Cruz,m,20,11/18/99,Lakewood,Washington,united_states
Owens,Rowen,m,44,05/26/75,West Allis,Wisconsin,united_states
Ali,Serenity,f,18,12/03/01,Bowling Green,Kentucky,united_states
Wiggins,Milo,m,20,11/04/99,Crystal Lake,Illinois,united_states
Frost,Hamza,m,21,03/01/98,singapore,,singapore
Williamson,Makayla,f,19,07/09/00,Plant City,Florida,united_states
Faulkner,Wallace,m,44,09/09/75,Longview,Texas,united_states
Patterson,Alaya,f,41,11/14/78,Broomfield,Colorado,united_states
Price,Alexis,m,22,08/21/97,singapore,,singapore
Murphy,Quinn,m,23,08/30/96,singapore,,singapore
Dickerson,Lennox,m,40,10/24/79,Castle Rock,Colorado,united_states
Sampson,Jasmine,f,43,07/11/76,Des Moines,Iowa,united_states
Shaw,Penelope,f,21,01/11/99,singapore,,singapore
Rocha,Sunny,f,24,02/01/96,Springdale,Arkansas,united_states
Phelps,Cohen,m,20,03/05/99,Niagara Falls,New York,united_states
Bauer,Paisleigh,f,30,10/06/89,Cuyahoga Falls,Ohio,united_states
Welch,Ryder,m,25,10/30/94,singapore,,singapore
Escobar,Jordan,m,22,01/15/98,York,Pennsylvania,united_states
Donovan,Ramona,f,38,07/03/81,Haltom City,Texas,united_states
Krueger,Keenan,m,27,02/10/93,singapore,,singapore
Blankenship,Emery,m,29,02/19/90,Arlington Heights,Illinois,united_states
Hayden,Timothy,m,21,11/02/98,Reno,Nevada,united_states
Bonilla,Maximo,m,21,01/21/99,Lompoc,California,united_states
Kline,Waylon,m,21,12/15/98,Greenacres,Florida,united_states
Hudson,Uriel,m,24,08/16/95,Burleson,Texas,united_states
Russell,Kannon,m,26,03/08/93,Federal Way,Washington,united_states
Benjamin,Xiomara,f,20,02/27/99,Vallejo,California,united_states
Roach,Samira,f,30,01/24/90,singapore,,singapore
Foster,Thiago,m,44,06/07/75,singapore,,singapore
Li,Alonzo,m,23,03/31/96,Lawrence,Indiana,united_states
Tyler,Maxton,m,22,01/04/98,singapore,,singapore
Gill,Yael,m,24,09/17/95,Salem,Massachusetts,united_states
Lynn,Ray,m,27,01/18/93,singapore,,singapore
Boyle,Amara,f,21,10/13/98,singapore,,singapore
Gonzales,Orlando,m,17,01/15/03,Westerville,Ohio,united_states
Parra,Aries,m,24,08/27/95,Orange,California,united_states
Townsend,Matteo,m,20,03/25/99,Memphis,Tennessee,united_states
Atkinson,Tatum,m,22,07/01/97,singapore,,singapore
Burton,Nyla,f,24,02/11/96,Kissimmee,Florida,united_states
Poole,Jenna,f,23,04/10/96,Lake Havasu City,Arizona,united_states
Love,Drake,m,22,05/26/97,singapore,,singapore
Frank,Emmaline,f,20,01/29/00,singapore,,singapore
Hebert,Riley,m,36,12/29/83,Lauderhill,Florida,united_states
Deleon,Sophia,f,31,04/06/88,Folsom,California,united_states
Marshall,Margot,f,13,04/24/06,Stillwater,Oklahoma,united_states
Mejia,Reginald,m,24,03/17/95,Lynchburg,Virginia,united_states
Sparks,Dennis,m,21,11/09/98,Pearland,Texas,united_states
Page,Preston,m,27,05/27/92,singapore,,singapore
Sutton,Marvin,m,23,05/09/96,Richmond,California,united_states
Colon,Jemma,f,35,02/21/84,Glendora,California,united_states
Cordova,Jerry,m,20,07/21/99,Vineland,New Jersey,united_states
Good,Chance,m,41,08/15/78,Texas City,Texas,united_states
Stuart,Noor,f,25,08/21/94,singapore,,singapore
Blair,Carmen,f,25,04/09/94,Yuba City,California,united_states
Parks,Forrest,m,39,12/08/80,Sanford,Florida,united_states
Burnett,Antonio,m,21,10/30/98,Azusa,California,united_states
Bernard,Terrance,m,26,06/11/93,Dublin,Ohio,united_states
Rhodes,Jaylen,m,20,09/03/99,Southaven,Mississippi,united_states
Zimmerman,Ashley,f,22,07/26/97,singapore,,singapore
Livingston,Hugh,m,33,07/13/86,Weston,Florida,united_states
Mays,Nickolas,m,24,07/15/95,Coppell,Texas,united_states
Benson,Brock,m,30,01/28/90,Akron,Ohio,united_states
Choi,Conrad,m,40,03/21/79,Portland,Oregon,united_states
Fry,Gracelynn,f,37,07/25/82,singapore,,singapore
Holland,Cadence,f,24,01/04/96,Kalamazoo,Michigan,united_states
Schroeder,Jasiah,m,24,11/15/95,singapore,,singapore
Snyder,Lionel,m,38,06/04/81,Berkeley,California,united_states
Morgan,Nasir,m,21,06/02/98,Glenview,Illinois,united_states
Ortiz,Adaline,f,25,07/11/94,Carrollton,Texas,united_states
Mccoy,Aubriella,f,22,04/14/97,Spokane,Washington,united_states
Preston,Grant,m,20,08/23/99,singapore,,singapore
Henderson,Annie,f,20,09/27/99,Wellington,Florida,united_states
Lugo,Kayleigh,f,28,08/19/91,Modesto,California,united_states
Harrington,Travis,m,20,11/26/99,Antioch,California,united_states
Velez,Haley,f,39,08/11/80,Wilkes-Barre,Pennsylvania,united_states
Rosales,Beckham,m,26,01/28/94,Beavercreek,Ohio,united_states
Collins,Harper,m,43,04/30/76,Parma,Ohio,united_states
Kim,Stetson,m,19,03/28/00,singapore,,singapore
Browning,Edgar,m,45,03/29/74,singapore,,singapore
Lyons,Deandre,m,23,07/12/96,Cincinnati,Ohio,united_states
Arnold,Juliana,f,41,07/23/78,Tinley Park,Illinois,united_states
Mcintyre,Nicholas,m,23,08/26/96,Troy,Michigan,united_states
Clay,Jurnee,f,38,03/22/81,singapore,,singapore
Allison,Thomas,m,27,05/08/92,Cape Coral,Florida,united_states
Gray,Dakota,m,40,04/17/79,Roswell,New Mexico,united_states
Wright,Saint,m,38,09/22/81,Greeley,Colorado,united_states
Rush,Clay,m,20,05/24/99,Cypress,California,united_states
Moreno,Aniyah,f,19,02/06/01,singapore,,singapore
Hicks,Samson,m,30,11/15/89,Hickory,North Carolina,united_states
Drake,Ezequiel,m,22,12/13/97,Anderson,Indiana,united_states
Proctor,Gordon,m,47,04/12/72,singapore,,singapore
Griffin,Teagan,f,27,01/27/93,St. Cloud,Florida,united_states
Wise,Diana,f,19,06/28/00,San Jacinto,California,united_states
Sheppard,Maryam,f,45,01/19/75,Bossier City,Louisiana,united_states
Stokes,Simon,m,14,09/11/05,Brooklyn Park,Minnesota,united_states
Harper,Leo,m,52,06/19/67,Indianapolis,Indiana,united_states
Best,Thatcher,m,22,05/17/97,Oak Park,Illinois,united_states
West,Crew,m,25,11/25/94,Everett,Washington,united_states
Stark,Boston,m,19,04/27/00,singapore,,singapore
Bishop,Elisha,m,25,09/12/94,singapore,,singapore
Bradshaw,Forest,m,19,05/09/00,Peachtree Corners,Georgia,united_states
Mckenzie,Carlos,m,22,05/08/97,Mount Pleasant,South Carolina,united_states
Guerrero,Cassandra,f,24,12/17/95,singapore,,singapore
Trujillo,Dominic,m,18,08/08/01,singapore,,singapore
Leon,Westley,m,54,11/18/65,singapore,,singapore
Fitzgerald,Juliette,f,23,05/11/96,Lafayette,Louisiana,united_states
Burns,Adam,m,26,09/07/93,Johns Creek,Georgia,united_states
Benitez,Bianca,f,23,05/12/96,Prescott Valley,Arizona,united_states
Leach,Soren,m,20,08/14/99,Eau Claire,Wisconsin,united_states
Shepherd,Anakin,m,33,02/20/86,Danville,California,united_states
Howard,Liv,f,27,11/27/92,Chico,California,united_states
Rangel,Mariah,f,24,09/14/95,singapore,,singapore
Newton,Mary,f,16,06/17/03,Fort Pierce,Florida,united_states
Shelton,Asher,m,25,04/29/94,Harrisonburg,Virginia,united_states
Cabrera,Zahir,m,38,06/29/81,Shelton,Connecticut,united_states
Bean,Steven,m,20,01/24/00,Ankeny,Iowa,united_states
Enriquez,Peyton,m,55,12/08/64,singapore,,singapore
Manning,Amina,f,23,08/06/96,Dublin,California,united_states
Ventura,Brooks,m,25,01/26/95,St. Clair Shores,Michigan,united_states
Mathis,Nayeli,f,40,01/28/80,Pleasant Grove,Utah,united_states
Solis,Cole,m,20,07/07/99,Brockton,Massachusetts,united_states
